GEOID,NAME,num,den,child_poverty_rate_pct
05001480100,Census Tract 4801; Arkansas County; Arkansas,45,257,17.509727626459146
05001480200,Census Tract 4802; Arkansas County; Arkansas,4,379,1.0554089709762533
05001480300,Census Tract 4803; Arkansas County; Arkansas,175,812,21.551724137931036
05001480400,Census Tract 4804; Arkansas County; Arkansas,99,522,18.96551724137931
05001480500,Census Tract 4805; Arkansas County; Arkansas,33,703,4.694167852062589
05001480600,Census Tract 4806; Arkansas County; Arkansas,99,288,34.375
05001480700,Census Tract 4807; Arkansas County; Arkansas,169,677,24.963072378138847
05001480800,Census Tract 4808; Arkansas County; Arkansas,0,180,0
05003960100,Census Tract 9601; Ashley County; Arkansas,59,277,21.299638989169676
05003960200,Census Tract 9602; Ashley County; Arkansas,134,650,20.615384615384617
05003960300,Census Tract 9603; Ashley County; Arkansas,368,1097,33.54603463992707
05003960400,Census Tract 9604; Ashley County; Arkansas,27,247,10.931174089068826
05003960500,Census Tract 9605; Ashley County; Arkansas,150,646,23.21981424148607
05003960600,Census Tract 9606; Ashley County; Arkansas,388,829,46.80337756332931
05003960700,Census Tract 9607; Ashley County; Arkansas,131,462,28.354978354978353
05005950100,Census Tract 9501; Baxter County; Arkansas,182,804,22.63681592039801
05005950200,Census Tract 9502; Baxter County; Arkansas,287,749,38.3177570093458
05005950300,Census Tract 9503; Baxter County; Arkansas,63,798,7.894736842105263
05005950400,Census Tract 9504; Baxter County; Arkansas,81,552,14.673913043478262
05005950500,Census Tract 9505; Baxter County; Arkansas,327,1180,27.71186440677966
05005950600,Census Tract 9506; Baxter County; Arkansas,23,449,5.122494432071269
05005950700,Census Tract 9507; Baxter County; Arkansas,0,446,0
05005950801,Census Tract 9508.01; Baxter County; Arkansas,353,763,46.26474442988204
05005950802,Census Tract 9508.02; Baxter County; Arkansas,71,462,15.367965367965368
05005950900,Census Tract 9509; Baxter County; Arkansas,152,1219,12.469237079573421
05007020102,Census Tract 201.02; Benton County; Arkansas,77,2084,3.6948176583493284
05007020103,Census Tract 201.03; Benton County; Arkansas,41,1212,3.382838283828383
05007020104,Census Tract 201.04; Benton County; Arkansas,77,456,16.885964912280702
05007020201,Census Tract 202.01; Benton County; Arkansas,192,1258,15.262321144674086
05007020203,Census Tract 202.03; Benton County; Arkansas,25,552,4.528985507246377
05007020205,Census Tract 202.05; Benton County; Arkansas,268,1715,15.626822157434402
05007020206,Census Tract 202.06; Benton County; Arkansas,907,3078,29.467186484730345
05007020301,Census Tract 203.01; Benton County; Arkansas,313,977,32.03684749232344
05007020302,Census Tract 203.02; Benton County; Arkansas,185,1017,18.190757128810226
05007020304,Census Tract 203.04; Benton County; Arkansas,117,970,12.061855670103093
05007020305,Census Tract 203.05; Benton County; Arkansas,81,863,9.385863267670915
05007020401,Census Tract 204.01; Benton County; Arkansas,516,1667,30.95380923815237
05007020402,Census Tract 204.02; Benton County; Arkansas,338,1301,25.980015372790163
05007020404,Census Tract 204.04; Benton County; Arkansas,386,1484,26.01078167115903
05007020405,Census Tract 204.05; Benton County; Arkansas,17,1078,1.5769944341372912
05007020501,Census Tract 205.01; Benton County; Arkansas,4,1247,0.32076984763432237
05007020503,Census Tract 205.03; Benton County; Arkansas,430,1098,39.162112932604735
05007020504,Census Tract 205.04; Benton County; Arkansas,93,594,15.656565656565656
05007020604,Census Tract 206.04; Benton County; Arkansas,51,1363,3.7417461482024943
05007020605,Census Tract 206.05; Benton County; Arkansas,218,1027,21.226874391431352
05007020606,Census Tract 206.06; Benton County; Arkansas,17,1616,1.051980198019802
05007020607,Census Tract 206.07; Benton County; Arkansas,224,3007,7.449285001662787
05007020608,Census Tract 206.08; Benton County; Arkansas,30,1435,2.0905923344947737
05007020701,Census Tract 207.01; Benton County; Arkansas,0,1638,0
05007020703,Census Tract 207.03; Benton County; Arkansas,0,1100,0
05007020704,Census Tract 207.04; Benton County; Arkansas,0,1019,0
05007020801,Census Tract 208.01; Benton County; Arkansas,0,269,0
05007020803,Census Tract 208.03; Benton County; Arkansas,35,683,5.124450951683748
05007020805,Census Tract 208.05; Benton County; Arkansas,0,893,0
05007020806,Census Tract 208.06; Benton County; Arkansas,0,1677,0
05007020903,Census Tract 209.03; Benton County; Arkansas,137,1410,9.71631205673759
05007020904,Census Tract 209.04; Benton County; Arkansas,65,2442,2.661752661752662
05007020905,Census Tract 209.05; Benton County; Arkansas,14,813,1.7220172201722017
05007020906,Census Tract 209.06; Benton County; Arkansas,48,1863,2.576489533011272
05007021001,Census Tract 210.01; Benton County; Arkansas,186,1592,11.683417085427136
05007021003,Census Tract 210.03; Benton County; Arkansas,79,735,10.748299319727892
05007021004,Census Tract 210.04; Benton County; Arkansas,113,730,15.479452054794521
05007021101,Census Tract 211.01; Benton County; Arkansas,109,1347,8.092056421677803
05007021102,Census Tract 211.02; Benton County; Arkansas,445,1042,42.7063339731286
05007021201,Census Tract 212.01; Benton County; Arkansas,30,1285,2.3346303501945527
05007021202,Census Tract 212.02; Benton County; Arkansas,217,928,23.38362068965517
05007021304,Census Tract 213.04; Benton County; Arkansas,134,3348,4.002389486260454
05007021305,Census Tract 213.05; Benton County; Arkansas,112,1279,8.75684128225176
05007021306,Census Tract 213.06; Benton County; Arkansas,30,1382,2.170767004341534
05007021308,Census Tract 213.08; Benton County; Arkansas,0,2232,0
05007021312,Census Tract 213.12; Benton County; Arkansas,185,826,22.397094430992738
05007021313,Census Tract 213.13; Benton County; Arkansas,47,654,7.186544342507645
05007021314,Census Tract 213.14; Benton County; Arkansas,65,1326,4.901960784313726
05007021315,Census Tract 213.15; Benton County; Arkansas,86,2072,4.1505791505791505
05007021316,Census Tract 213.16; Benton County; Arkansas,85,2227,3.816793893129771
05007021317,Census Tract 213.17; Benton County; Arkansas,0,878,0
05007021404,Census Tract 214.04; Benton County; Arkansas,167,1043,16.01150527325024
05007021405,Census Tract 214.05; Benton County; Arkansas,33,359,9.192200557103064
05007021406,Census Tract 214.06; Benton County; Arkansas,201,1557,12.909441233140655
05007021407,Census Tract 214.07; Benton County; Arkansas,109,628,17.356687898089174
05007021408,Census Tract 214.08; Benton County; Arkansas,220,1936,11.363636363636363
05007021409,Census Tract 214.09; Benton County; Arkansas,0,426,0
05009790100,Census Tract 7901; Boone County; Arkansas,234,1566,14.942528735632184
05009790200,Census Tract 7902; Boone County; Arkansas,132,1451,9.097174362508614
05009790300,Census Tract 7903; Boone County; Arkansas,162,1553,10.431423052157115
05009790400,Census Tract 7904; Boone County; Arkansas,156,1061,14.70311027332705
05009790501,Census Tract 7905.01; Boone County; Arkansas,134,918,14.596949891067538
05009790502,Census Tract 7905.02; Boone County; Arkansas,124,662,18.731117824773413
05009790600,Census Tract 7906; Boone County; Arkansas,224,1174,19.08006814310051
05011950100,Census Tract 9501; Bradley County; Arkansas,297,722,41.13573407202216
05011950200,Census Tract 9502; Bradley County; Arkansas,63,445,14.157303370786517
05011950300,Census Tract 9503; Bradley County; Arkansas,117,538,21.74721189591078
05011950400,Census Tract 9504; Bradley County; Arkansas,55,230,23.91304347826087
05011950500,Census Tract 9505; Bradley County; Arkansas,105,613,17.128874388254488
05013480100,Census Tract 4801; Calhoun County; Arkansas,10,393,2.544529262086514
05013480200,Census Tract 4802; Calhoun County; Arkansas,121,470,25.74468085106383
05015950100,Census Tract 9501; Carroll County; Arkansas,41,473,8.668076109936575
05015950201,Census Tract 9502.01; Carroll County; Arkansas,41,568,7.21830985915493
05015950202,Census Tract 9502.02; Carroll County; Arkansas,0,216,0
05015950301,Census Tract 9503.01; Carroll County; Arkansas,23,749,3.0707610146862483
05015950302,Census Tract 9503.02; Carroll County; Arkansas,547,1460,37.465753424657535
05015950400,Census Tract 9504; Carroll County; Arkansas,55,851,6.462984723854289
05015950501,Census Tract 9505.01; Carroll County; Arkansas,251,593,42.32715008431703
05015950502,Census Tract 9505.02; Carroll County; Arkansas,284,1334,21.28935532233883
05017080100,Census Tract 801; Chicot County; Arkansas,127,534,23.782771535580526
05017080200,Census Tract 802; Chicot County; Arkansas,275,649,42.3728813559322
05017080300,Census Tract 803; Chicot County; Arkansas,147,697,21.09038737446198
05017080400,Census Tract 804; Chicot County; Arkansas,68,333,20.42042042042042
05019953601,Census Tract 9536.01; Clark County; Arkansas,384,973,39.4655704008222
05019953602,Census Tract 9536.02; Clark County; Arkansas,101,618,16.34304207119741
05019953700,Census Tract 9537; Clark County; Arkansas,401,847,47.34356552538371
05019953800,Census Tract 9538; Clark County; Arkansas,117,668,17.51497005988024
05019953901,Census Tract 9539.01; Clark County; Arkansas,20,304,6.578947368421052
05019953902,Census Tract 9539.02; Clark County; Arkansas,24,769,3.120936280884265
05021950100,Census Tract 9501; Clay County; Arkansas,75,359,20.891364902506965
05021950200,Census Tract 9502; Clay County; Arkansas,111,412,26.941747572815533
05021950300,Census Tract 9503; Clay County; Arkansas,65,264,24.62121212121212
05021950400,Census Tract 9504; Clay County; Arkansas,185,718,25.766016713091922
05021950500,Census Tract 9505; Clay County; Arkansas,39,300,13
05021950600,Census Tract 9506; Clay County; Arkansas,280,981,28.54230377166157
05023480100,Census Tract 4801; Cleburne County; Arkansas,175,693,25.252525252525253
05023480201,Census Tract 4802.01; Cleburne County; Arkansas,60,349,17.191977077363898
05023480203,Census Tract 4802.03; Cleburne County; Arkansas,122,335,36.417910447761194
05023480204,Census Tract 4802.04; Cleburne County; Arkansas,55,211,26.066350710900473
05023480301,Census Tract 4803.01; Cleburne County; Arkansas,116,474,24.47257383966245
05023480302,Census Tract 4803.02; Cleburne County; Arkansas,97,562,17.259786476868328
05023480400,Census Tract 4804; Cleburne County; Arkansas,69,819,8.424908424908425
05023480501,Census Tract 4805.01; Cleburne County; Arkansas,166,630,26.349206349206348
05023480502,Census Tract 4805.02; Cleburne County; Arkansas,48,562,8.540925266903914
05025970100,Census Tract 9701; Cleveland County; Arkansas,246,889,27.67154105736783
05025970200,Census Tract 9702; Cleveland County; Arkansas,90,678,13.274336283185841
05027950100,Census Tract 9501; Columbia County; Arkansas,219,1279,17.12275215011728
05027950200,Census Tract 9502; Columbia County; Arkansas,247,643,38.41368584758943
05027950301,Census Tract 9503.01; Columbia County; Arkansas,21,169,12.42603550295858
05027950302,Census Tract 9503.02; Columbia County; Arkansas,296,533,55.53470919324578
05027950401,Census Tract 9504.01; Columbia County; Arkansas,61,748,8.155080213903743
05027950402,Census Tract 9504.02; Columbia County; Arkansas,20,321,6.230529595015576
05027950500,Census Tract 9505; Columbia County; Arkansas,864,1029,83.96501457725948
05029950100,Census Tract 9501; Conway County; Arkansas,286,889,32.17097862767154
05029950200,Census Tract 9502; Conway County; Arkansas,193,692,27.890173410404625
05029950300,Census Tract 9503; Conway County; Arkansas,421,1155,36.45021645021645
05029950400,Census Tract 9504; Conway County; Arkansas,311,824,37.74271844660194
05029950500,Census Tract 9505; Conway County; Arkansas,89,767,11.603650586701434
05029950600,Census Tract 9506; Conway County; Arkansas,101,328,30.79268292682927
05031000101,Census Tract 1.01; Craighead County; Arkansas,525,796,65.95477386934674
05031000102,Census Tract 1.02; Craighead County; Arkansas,356,936,38.034188034188034
05031000200,Census Tract 2; Craighead County; Arkansas,450,1170,38.46153846153846
05031000300,Census Tract 3; Craighead County; Arkansas,241,1370,17.59124087591241
05031000401,Census Tract 4.01; Craighead County; Arkansas,940,2014,46.67328699106256
05031000403,Census Tract 4.03; Craighead County; Arkansas,578,1078,53.6178107606679
05031000404,Census Tract 4.04; Craighead County; Arkansas,180,960,18.75
05031000501,Census Tract 5.01; Craighead County; Arkansas,493,2540,19.409448818897637
05031000502,Census Tract 5.02; Craighead County; Arkansas,465,1218,38.17733990147783
05031000601,Census Tract 6.01; Craighead County; Arkansas,949,2087,45.47196933397221
05031000602,Census Tract 6.02; Craighead County; Arkansas,686,889,77.16535433070867
05031000701,Census Tract 7.01; Craighead County; Arkansas,121,1052,11.50190114068441
05031000702,Census Tract 7.02; Craighead County; Arkansas,243,1268,19.16403785488959
05031000803,Census Tract 8.03; Craighead County; Arkansas,30,1466,2.0463847203274215
05031000804,Census Tract 8.04; Craighead County; Arkansas,148,675,21.925925925925927
05031000805,Census Tract 8.05; Craighead County; Arkansas,301,805,37.391304347826086
05031000806,Census Tract 8.06; Craighead County; Arkansas,17,1019,1.6683022571148185
05031000900,Census Tract 9; Craighead County; Arkansas,274,1520,18.026315789473685
05031001000,Census Tract 10; Craighead County; Arkansas,231,918,25.163398692810457
05031001101,Census Tract 11.01; Craighead County; Arkansas,129,1262,10.221870047543582
05031001102,Census Tract 11.02; Craighead County; Arkansas,191,1359,14.054451802796173
05031001200,Census Tract 12; Craighead County; Arkansas,323,1373,23.525127458120902
05033020101,Census Tract 201.01; Crawford County; Arkansas,39,642,6.074766355140187
05033020102,Census Tract 201.02; Crawford County; Arkansas,385,543,70.902394106814
05033020204,Census Tract 202.04; Crawford County; Arkansas,117,1120,10.446428571428571
05033020205,Census Tract 202.05; Crawford County; Arkansas,740,1297,57.05474171164225
05033020206,Census Tract 202.06; Crawford County; Arkansas,113,279,40.50179211469534
05033020207,Census Tract 202.07; Crawford County; Arkansas,45,889,5.061867266591676
05033020208,Census Tract 202.08; Crawford County; Arkansas,75,865,8.670520231213873
05033020301,Census Tract 203.01; Crawford County; Arkansas,179,1038,17.24470134874759
05033020302,Census Tract 203.02; Crawford County; Arkansas,73,818,8.924205378973106
05033020401,Census Tract 204.01; Crawford County; Arkansas,235,1187,19.79780960404381
05033020402,Census Tract 204.02; Crawford County; Arkansas,96,789,12.167300380228136
05033020501,Census Tract 205.01; Crawford County; Arkansas,523,1057,49.47965941343425
05033020502,Census Tract 205.02; Crawford County; Arkansas,219,1236,17.718446601941746
05033020601,Census Tract 206.01; Crawford County; Arkansas,71,326,21.779141104294478
05033020602,Census Tract 206.02; Crawford County; Arkansas,902,2042,44.17238001958864
05035030101,Census Tract 301.01; Crittenden County; Arkansas,351,897,39.130434782608695
05035030102,Census Tract 301.02; Crittenden County; Arkansas,267,513,52.046783625730995
05035030201,Census Tract 302.01; Crittenden County; Arkansas,211,1004,21.01593625498008
05035030202,Census Tract 302.02; Crittenden County; Arkansas,22,590,3.7288135593220337
05035030301,Census Tract 303.01; Crittenden County; Arkansas,433,697,62.12338593974175
05035030302,Census Tract 303.02; Crittenden County; Arkansas,464,815,56.93251533742331
05035030503,Census Tract 305.03; Crittenden County; Arkansas,307,604,50.82781456953642
05035030601,Census Tract 306.01; Crittenden County; Arkansas,88,123,71.54471544715447
05035030602,Census Tract 306.02; Crittenden County; Arkansas,394,1014,38.8560157790927
05035030701,Census Tract 307.01; Crittenden County; Arkansas,45,319,14.106583072100314
05035030702,Census Tract 307.02; Crittenden County; Arkansas,205,333,61.56156156156156
05035030703,Census Tract 307.03; Crittenden County; Arkansas,84,196,42.857142857142854
05035030803,Census Tract 308.03; Crittenden County; Arkansas,0,479,0
05035030804,Census Tract 308.04; Crittenden County; Arkansas,140,1378,10.159651669085632
05035030805,Census Tract 308.05; Crittenden County; Arkansas,178,809,22.00247218788628
05035030806,Census Tract 308.06; Crittenden County; Arkansas,97,1272,7.6257861635220126
05035030807,Census Tract 308.07; Crittenden County; Arkansas,100,489,20.449897750511248
05035031000,Census Tract 310; Crittenden County; Arkansas,8,271,2.952029520295203
05035031100,Census Tract 311; Crittenden County; Arkansas,282,419,67.30310262529832
05035031200,Census Tract 312; Crittenden County; Arkansas,237,489,48.466257668711656
05037950100,Census Tract 9501; Cross County; Arkansas,41,189,21.693121693121693
05037950200,Census Tract 9502; Cross County; Arkansas,88,560,15.714285714285714
05037950300,Census Tract 9503; Cross County; Arkansas,143,348,41.0919540229885
05037950400,Census Tract 9504; Cross County; Arkansas,1,658,0.1519756838905775
05037950500,Census Tract 9505; Cross County; Arkansas,654,1354,48.301329394387004
05037950600,Census Tract 9506; Cross County; Arkansas,165,944,17.478813559322035
05039970100,Census Tract 9701; Dallas County; Arkansas,11,123,8.94308943089431
05039970200,Census Tract 9702; Dallas County; Arkansas,29,234,12.393162393162394
05039970300,Census Tract 9703; Dallas County; Arkansas,147,768,19.140625
05041950100,Census Tract 9501; Desha County; Arkansas,57,210,27.142857142857142
05041950200,Census Tract 9502; Desha County; Arkansas,346,1063,32.54938852304798
05041950300,Census Tract 9503; Desha County; Arkansas,185,219,84.47488584474885
05041950400,Census Tract 9504; Desha County; Arkansas,522,861,60.62717770034843
05041950500,Census Tract 9505; Desha County; Arkansas,78,437,17.848970251716246
05043490100,Census Tract 4901; Drew County; Arkansas,61,443,13.769751693002258
05043490200,Census Tract 4902; Drew County; Arkansas,68,450,15.11111111111111
05043490300,Census Tract 4903; Drew County; Arkansas,391,874,44.73684210526316
05043490400,Census Tract 4904; Drew County; Arkansas,82,628,13.05732484076433
05043490500,Census Tract 4905; Drew County; Arkansas,481,1273,37.7847604084839
05045030101,Census Tract 301.01; Faulkner County; Arkansas,146,718,20.33426183844011
05045030102,Census Tract 301.02; Faulkner County; Arkansas,61,1851,3.295515937331172
05045030103,Census Tract 301.03; Faulkner County; Arkansas,39,1181,3.302286198137172
05045030104,Census Tract 301.04; Faulkner County; Arkansas,66,1414,4.667609618104668
05045030201,Census Tract 302.01; Faulkner County; Arkansas,71,554,12.815884476534295
05045030202,Census Tract 302.02; Faulkner County; Arkansas,113,565,20
05045030301,Census Tract 303.01; Faulkner County; Arkansas,73,990,7.373737373737374
05045030302,Census Tract 303.02; Faulkner County; Arkansas,111,1641,6.764168190127971
05045030303,Census Tract 303.03; Faulkner County; Arkansas,134,1459,9.184372858122002
05045030401,Census Tract 304.01; Faulkner County; Arkansas,98,662,14.803625377643504
05045030402,Census Tract 304.02; Faulkner County; Arkansas,162,1119,14.47721179624665
05045030403,Census Tract 304.03; Faulkner County; Arkansas,140,691,20.260492040520983
05045030404,Census Tract 304.04; Faulkner County; Arkansas,68,544,12.5
05045030502,Census Tract 305.02; Faulkner County; Arkansas,131,1378,9.506531204644412
05045030503,Census Tract 305.03; Faulkner County; Arkansas,19,1242,1.5297906602254427
05045030504,Census Tract 305.04; Faulkner County; Arkansas,195,2164,9.01109057301294
05045030600,Census Tract 306; Faulkner County; Arkansas,214,1313,16.2985529322163
05045030701,Census Tract 307.01; Faulkner County; Arkansas,101,395,25.569620253164558
05045030702,Census Tract 307.02; Faulkner County; Arkansas,211,796,26.507537688442213
05045030800,Census Tract 308; Faulkner County; Arkansas,154,478,32.21757322175732
05045030900,Census Tract 309; Faulkner County; Arkansas,440,776,56.70103092783505
05045031001,Census Tract 310.01; Faulkner County; Arkansas,280,1150,24.347826086956523
05045031003,Census Tract 310.03; Faulkner County; Arkansas,64,504,12.698412698412698
05045031006,Census Tract 310.06; Faulkner County; Arkansas,41,780,5.256410256410256
05045031007,Census Tract 310.07; Faulkner County; Arkansas,27,621,4.3478260869565215
05045031008,Census Tract 310.08; Faulkner County; Arkansas,32,996,3.21285140562249
05045031101,Census Tract 311.01; Faulkner County; Arkansas,519,1099,47.224749772520475
05045031102,Census Tract 311.02; Faulkner County; Arkansas,491,1120,43.839285714285715
05047950100,Census Tract 9501; Franklin County; Arkansas,229,982,23.319755600814663
05047950201,Census Tract 9502.01; Franklin County; Arkansas,348,737,47.21845318860244
05047950202,Census Tract 9502.02; Franklin County; Arkansas,88,714,12.324929971988796
05047950301,Census Tract 9503.01; Franklin County; Arkansas,142,608,23.355263157894736
05047950302,Census Tract 9503.02; Franklin County; Arkansas,178,810,21.97530864197531
05049550101,Census Tract 5501.01; Fulton County; Arkansas,137,821,16.68696711327649
05049550102,Census Tract 5501.02; Fulton County; Arkansas,44,402,10.945273631840797
05049550201,Census Tract 5502.01; Fulton County; Arkansas,170,464,36.63793103448276
05049550202,Census Tract 5502.02; Fulton County; Arkansas,43,809,5.315203955500618
05051010301,Census Tract 103.01; Garland County; Arkansas,144,510,28.235294117647058
05051010302,Census Tract 103.02; Garland County; Arkansas,63,389,16.195372750642672
05051010401,Census Tract 104.01; Garland County; Arkansas,271,572,47.37762237762238
05051010402,Census Tract 104.02; Garland County; Arkansas,91,681,13.362701908957415
05051010501,Census Tract 105.01; Garland County; Arkansas,224,1118,20.03577817531306
05051010502,Census Tract 105.02; Garland County; Arkansas,10,595,1.680672268907563
05051010601,Census Tract 106.01; Garland County; Arkansas,61,271,22.509225092250922
05051010602,Census Tract 106.02; Garland County; Arkansas,224,632,35.44303797468354
05051010700,Census Tract 107; Garland County; Arkansas,168,284,59.15492957746479
05051010800,Census Tract 108; Garland County; Arkansas,165,321,51.401869158878505
05051010900,Census Tract 109; Garland County; Arkansas,248,609,40.722495894909684
05051011001,Census Tract 110.01; Garland County; Arkansas,274,857,31.971995332555426
05051011002,Census Tract 110.02; Garland County; Arkansas,67,286,23.426573426573427
05051011101,Census Tract 111.01; Garland County; Arkansas,162,1087,14.903403863845446
05051011102,Census Tract 111.02; Garland County; Arkansas,126,1008,12.5
05051011201,Census Tract 112.01; Garland County; Arkansas,218,1725,12.63768115942029
05051011202,Census Tract 112.02; Garland County; Arkansas,118,876,13.470319634703197
05051011300,Census Tract 113; Garland County; Arkansas,531,1128,47.07446808510638
05051011400,Census Tract 114; Garland County; Arkansas,224,762,29.396325459317584
05051011500,Census Tract 115; Garland County; Arkansas,166,478,34.72803347280335
05051011601,Census Tract 116.01; Garland County; Arkansas,38,1098,3.4608378870673953
05051011602,Census Tract 116.02; Garland County; Arkansas,0,1255,0
05051011701,Census Tract 117.01; Garland County; Arkansas,29,292,9.931506849315069
05051011702,Census Tract 117.02; Garland County; Arkansas,164,275,59.63636363636363
05051011801,Census Tract 118.01; Garland County; Arkansas,12,167,7.18562874251497
05051011802,Census Tract 118.02; Garland County; Arkansas,108,136,79.41176470588235
05051011901,Census Tract 119.01; Garland County; Arkansas,278,944,29.449152542372882
05051011902,Census Tract 119.02; Garland County; Arkansas,0,372,0
05051012001,Census Tract 120.01; Garland County; Arkansas,68,498,13.654618473895582
05051012002,Census Tract 120.02; Garland County; Arkansas,153,399,38.34586466165413
05053470100,Census Tract 4701; Grant County; Arkansas,97,900,10.777777777777779
05053470200,Census Tract 4702; Grant County; Arkansas,69,626,11.022364217252397
05053470300,Census Tract 4703; Grant County; Arkansas,230,844,27.251184834123222
05053470401,Census Tract 4704.01; Grant County; Arkansas,81,930,8.709677419354838
05053470402,Census Tract 4704.02; Grant County; Arkansas,60,509,11.787819253438114
05055480100,Census Tract 4801; Greene County; Arkansas,148,764,19.3717277486911
05055480200,Census Tract 4802; Greene County; Arkansas,197,1050,18.761904761904763
05055480300,Census Tract 4803; Greene County; Arkansas,73,696,10.488505747126437
05055480401,Census Tract 4804.01; Greene County; Arkansas,57,995,5.728643216080402
05055480402,Census Tract 4804.02; Greene County; Arkansas,125,704,17.755681818181817
05055480501,Census Tract 4805.01; Greene County; Arkansas,1077,1406,76.60028449502134
05055480502,Census Tract 4805.02; Greene County; Arkansas,119,526,22.623574144486692
05055480601,Census Tract 4806.01; Greene County; Arkansas,88,570,15.43859649122807
05055480602,Census Tract 4806.02; Greene County; Arkansas,250,1234,20.25931928687196
05055480700,Census Tract 4807; Greene County; Arkansas,313,525,59.61904761904762
05055480801,Census Tract 4808.01; Greene County; Arkansas,0,1005,0
05055480802,Census Tract 4808.02; Greene County; Arkansas,0,1110,0
05057480101,Census Tract 4801.01; Hempstead County; Arkansas,337,793,42.4968474148802
05057480102,Census Tract 4801.02; Hempstead County; Arkansas,100,618,16.181229773462782
05057480200,Census Tract 4802; Hempstead County; Arkansas,8,360,2.2222222222222223
05057480301,Census Tract 4803.01; Hempstead County; Arkansas,124,329,37.68996960486322
05057480302,Census Tract 4803.02; Hempstead County; Arkansas,204,1125,18.133333333333333
05057480400,Census Tract 4804; Hempstead County; Arkansas,166,875,18.97142857142857
05057480500,Census Tract 4805; Hempstead County; Arkansas,249,889,28.00899887514061
05059020101,Census Tract 201.01; Hot Spring County; Arkansas,180,583,30.874785591766724
05059020102,Census Tract 201.02; Hot Spring County; Arkansas,369,1181,31.244707874682472
05059020200,Census Tract 202; Hot Spring County; Arkansas,174,604,28.807947019867548
05059020300,Census Tract 203; Hot Spring County; Arkansas,171,541,31.608133086876155
05059020400,Census Tract 204; Hot Spring County; Arkansas,265,1333,19.879969992498125
05059020500,Census Tract 205; Hot Spring County; Arkansas,9,554,1.6245487364620939
05059020600,Census Tract 206; Hot Spring County; Arkansas,184,588,31.292517006802722
05059020701,Census Tract 207.01; Hot Spring County; Arkansas,31,448,6.919642857142857
05059020702,Census Tract 207.02; Hot Spring County; Arkansas,80,667,11.994002998500749
05061950100,Census Tract 9501; Howard County; Arkansas,245,896,27.34375
05061950200,Census Tract 9502; Howard County; Arkansas,269,1280,21.015625
05061950300,Census Tract 9503; Howard County; Arkansas,293,1114,26.3016157989228
05063490101,Census Tract 4901.01; Independence County; Arkansas,49,320,15.3125
05063490102,Census Tract 4901.02; Independence County; Arkansas,144,784,18.367346938775512
05063490200,Census Tract 4902; Independence County; Arkansas,358,708,50.56497175141243
05063490300,Census Tract 4903; Independence County; Arkansas,333,1091,30.522456461961504
05063490400,Census Tract 4904; Independence County; Arkansas,300,902,33.25942350332594
05063490500,Census Tract 4905; Independence County; Arkansas,305,836,36.483253588516746
05063490600,Census Tract 4906; Independence County; Arkansas,320,1035,30.917874396135264
05063490701,Census Tract 4907.01; Independence County; Arkansas,76,1101,6.902815622161671
05063490702,Census Tract 4907.02; Independence County; Arkansas,309,987,31.306990881458965
05063490800,Census Tract 4908; Independence County; Arkansas,437,1294,33.77125193199382
05065960100,Census Tract 9601; Izard County; Arkansas,205,532,38.53383458646616
05065960200,Census Tract 9602; Izard County; Arkansas,387,1234,31.361426256077795
05065960300,Census Tract 9603; Izard County; Arkansas,44,273,16.117216117216117
05065960400,Census Tract 9604; Izard County; Arkansas,31,416,7.451923076923077
05067480100,Census Tract 4801; Jackson County; Arkansas,270,628,42.99363057324841
05067480200,Census Tract 4802; Jackson County; Arkansas,90,847,10.625737898465172
05067480300,Census Tract 4803; Jackson County; Arkansas,533,985,54.111675126903556
05067480401,Census Tract 4804.01; Jackson County; Arkansas,1,341,0.2932551319648094
05067480402,Census Tract 4804.02; Jackson County; Arkansas,0,3,0
05067480500,Census Tract 4805; Jackson County; Arkansas,116,380,30.526315789473685
05069000102,Census Tract 1.02; Jefferson County; Arkansas,0,0,NA
05069000301,Census Tract 3.01; Jefferson County; Arkansas,56,378,14.814814814814815
05069000302,Census Tract 3.02; Jefferson County; Arkansas,252,1392,18.103448275862068
05069000303,Census Tract 3.03; Jefferson County; Arkansas,292,945,30.8994708994709
05069000502,Census Tract 5.02; Jefferson County; Arkansas,284,525,54.095238095238095
05069000900,Census Tract 9; Jefferson County; Arkansas,334,556,60.07194244604317
05069001000,Census Tract 10; Jefferson County; Arkansas,35,107,32.71028037383178
05069001200,Census Tract 12; Jefferson County; Arkansas,210,301,69.76744186046511
05069001300,Census Tract 13; Jefferson County; Arkansas,159,471,33.75796178343949
05069001401,Census Tract 14.01; Jefferson County; Arkansas,414,605,68.4297520661157
05069001402,Census Tract 14.02; Jefferson County; Arkansas,176,581,30.292598967297764
05069001501,Census Tract 15.01; Jefferson County; Arkansas,157,902,17.405764966740577
05069001502,Census Tract 15.02; Jefferson County; Arkansas,0,647,0
05069001600,Census Tract 16; Jefferson County; Arkansas,358,715,50.069930069930066
05069001700,Census Tract 17; Jefferson County; Arkansas,295,634,46.52996845425867
05069001800,Census Tract 18; Jefferson County; Arkansas,64,567,11.28747795414462
05069001901,Census Tract 19.01; Jefferson County; Arkansas,88,183,48.08743169398907
05069001903,Census Tract 19.03; Jefferson County; Arkansas,259,459,56.42701525054466
05069002000,Census Tract 20; Jefferson County; Arkansas,39,1118,3.488372093023256
05069002103,Census Tract 21.03; Jefferson County; Arkansas,162,647,25.038639876352395
05069002104,Census Tract 21.04; Jefferson County; Arkansas,68,796,8.542713567839195
05069002300,Census Tract 23; Jefferson County; Arkansas,147,327,44.95412844036697
05069002400,Census Tract 24; Jefferson County; Arkansas,139,894,15.548098434004475
05069002500,Census Tract 25; Jefferson County; Arkansas,21,118,17.796610169491526
05071951700,Census Tract 9517; Johnson County; Arkansas,85,921,9.229098805646037
05071951800,Census Tract 9518; Johnson County; Arkansas,463,1170,39.572649572649574
05071951900,Census Tract 9519; Johnson County; Arkansas,134,737,18.181818181818183
05071952000,Census Tract 9520; Johnson County; Arkansas,378,976,38.72950819672131
05071952100,Census Tract 9521; Johnson County; Arkansas,437,1096,39.872262773722625
05071952200,Census Tract 9522; Johnson County; Arkansas,187,1395,13.405017921146953
05073470101,Census Tract 4701.01; Lafayette County; Arkansas,153,321,47.66355140186916
05073470102,Census Tract 4701.02; Lafayette County; Arkansas,90,348,25.862068965517242
05073470200,Census Tract 4702; Lafayette County; Arkansas,210,444,47.2972972972973
05075470100,Census Tract 4701; Lawrence County; Arkansas,46,210,21.904761904761905
05075470200,Census Tract 4702; Lawrence County; Arkansas,141,1173,12.020460358056265
05075470300,Census Tract 4703; Lawrence County; Arkansas,67,275,24.363636363636363
05075470400,Census Tract 4704; Lawrence County; Arkansas,132,290,45.51724137931034
05075470501,Census Tract 4705.01; Lawrence County; Arkansas,135,690,19.565217391304348
05075470502,Census Tract 4705.02; Lawrence County; Arkansas,376,994,37.82696177062374
05077470100,Census Tract 4701; Lee County; Arkansas,61,149,40.939597315436245
05077470200,Census Tract 4702; Lee County; Arkansas,28,358,7.82122905027933
05077470300,Census Tract 4703; Lee County; Arkansas,587,943,62.24814422057264
05077470400,Census Tract 4704; Lee County; Arkansas,3,140,2.142857142857143
05079960300,Census Tract 9603; Lincoln County; Arkansas,185,548,33.75912408759124
05079960400,Census Tract 9604; Lincoln County; Arkansas,198,764,25.916230366492147
05079960500,Census Tract 9605; Lincoln County; Arkansas,150,556,26.97841726618705
05079960600,Census Tract 9606; Lincoln County; Arkansas,83,192,43.229166666666664
05081030101,Census Tract 301.01; Little River County; Arkansas,64,460,13.91304347826087
05081030103,Census Tract 301.03; Little River County; Arkansas,93,169,55.02958579881657
05081030104,Census Tract 301.04; Little River County; Arkansas,424,686,61.80758017492711
05081030200,Census Tract 302; Little River County; Arkansas,91,484,18.801652892561982
05081030301,Census Tract 303.01; Little River County; Arkansas,0,326,0
05081030302,Census Tract 303.02; Little River County; Arkansas,54,441,12.244897959183673
05083950100,Census Tract 9501; Logan County; Arkansas,87,821,10.596833130328868
05083950200,Census Tract 9502; Logan County; Arkansas,129,773,16.6882276843467
05083950300,Census Tract 9503; Logan County; Arkansas,91,688,13.226744186046512
05083950400,Census Tract 9504; Logan County; Arkansas,107,643,16.640746500777606
05083950500,Census Tract 9505; Logan County; Arkansas,155,895,17.318435754189945
05083950600,Census Tract 9506; Logan County; Arkansas,142,585,24.273504273504273
05085020102,Census Tract 201.02; Lonoke County; Arkansas,515,1616,31.86881188118812
05085020103,Census Tract 201.03; Lonoke County; Arkansas,107,2313,4.626026805015132
05085020105,Census Tract 201.05; Lonoke County; Arkansas,28,1808,1.5486725663716814
05085020106,Census Tract 201.06; Lonoke County; Arkansas,89,241,36.92946058091286
05085020107,Census Tract 201.07; Lonoke County; Arkansas,47,764,6.151832460732984
05085020108,Census Tract 201.08; Lonoke County; Arkansas,5,1075,0.46511627906976744
05085020201,Census Tract 202.01; Lonoke County; Arkansas,0,1091,0
05085020202,Census Tract 202.02; Lonoke County; Arkansas,82,1002,8.183632734530939
05085020204,Census Tract 202.04; Lonoke County; Arkansas,393,1264,31.091772151898734
05085020205,Census Tract 202.05; Lonoke County; Arkansas,403,1101,36.6030881017257
05085020206,Census Tract 202.06; Lonoke County; Arkansas,305,1421,21.46375791695989
05085020301,Census Tract 203.01; Lonoke County; Arkansas,60,558,10.75268817204301
05085020302,Census Tract 203.02; Lonoke County; Arkansas,7,843,0.830367734282325
05085020400,Census Tract 204; Lonoke County; Arkansas,194,747,25.970548862115127
05085020500,Census Tract 205; Lonoke County; Arkansas,259,1350,19.185185185185187
05085020600,Census Tract 206; Lonoke County; Arkansas,169,371,45.55256064690027
05085020700,Census Tract 207; Lonoke County; Arkansas,268,634,42.27129337539432
05085020800,Census Tract 208; Lonoke County; Arkansas,13,188,6.914893617021277
05087960100,Census Tract 9601; Madison County; Arkansas,252,933,27.009646302250804
05087960200,Census Tract 9602; Madison County; Arkansas,372,1467,25.357873210633947
05087960300,Census Tract 9603; Madison County; Arkansas,268,979,27.374872318692542
05087960400,Census Tract 9604; Madison County; Arkansas,82,526,15.5893536121673
05089960100,Census Tract 9601; Marion County; Arkansas,24,666,3.6036036036036037
05089960201,Census Tract 9602.01; Marion County; Arkansas,155,859,18.044237485448196
05089960202,Census Tract 9602.02; Marion County; Arkansas,158,799,19.774718397997496
05089960301,Census Tract 9603.01; Marion County; Arkansas,192,352,54.54545454545455
05089960302,Census Tract 9603.02; Marion County; Arkansas,149,436,34.174311926605505
05091020100,Census Tract 201; Miller County; Arkansas,83,975,8.512820512820513
05091020200,Census Tract 202; Miller County; Arkansas,116,360,32.22222222222222
05091020400,Census Tract 204; Miller County; Arkansas,425,713,59.60729312762973
05091020500,Census Tract 205; Miller County; Arkansas,219,528,41.47727272727273
05091020600,Census Tract 206; Miller County; Arkansas,369,768,48.046875
05091020701,Census Tract 207.01; Miller County; Arkansas,25,474,5.274261603375527
05091020702,Census Tract 207.02; Miller County; Arkansas,214,758,28.232189973614776
05091020801,Census Tract 208.01; Miller County; Arkansas,281,893,31.466965285554313
05091020802,Census Tract 208.02; Miller County; Arkansas,24,523,4.588910133843212
05091020901,Census Tract 209.01; Miller County; Arkansas,92,393,23.40966921119593
05091020902,Census Tract 209.02; Miller County; Arkansas,292,1561,18.705957719410634
05091021001,Census Tract 210.01; Miller County; Arkansas,132,683,19.32650073206442
05091021002,Census Tract 210.02; Miller County; Arkansas,177,1171,15.11528608027327
05091980000,Census Tract 9800; Miller County; Arkansas,0,53,0
05093010100,Census Tract 101; Mississippi County; Arkansas,330,350,94.28571428571429
05093010200,Census Tract 102; Mississippi County; Arkansas,97,854,11.358313817330211
05093010300,Census Tract 103; Mississippi County; Arkansas,199,830,23.97590361445783
05093010601,Census Tract 106.01; Mississippi County; Arkansas,506,1245,40.6425702811245
05093010602,Census Tract 106.02; Mississippi County; Arkansas,231,738,31.30081300813008
05093010700,Census Tract 107; Mississippi County; Arkansas,87,1007,8.639523336643496
05093010801,Census Tract 108.01; Mississippi County; Arkansas,160,628,25.477707006369428
05093010802,Census Tract 108.02; Mississippi County; Arkansas,86,1064,8.082706766917294
05093010900,Census Tract 109; Mississippi County; Arkansas,105,480,21.875
05093011000,Census Tract 110; Mississippi County; Arkansas,511,905,56.46408839779006
05093011100,Census Tract 111; Mississippi County; Arkansas,118,793,14.880201765447667
05093011200,Census Tract 112; Mississippi County; Arkansas,112,570,19.649122807017545
05093011300,Census Tract 113; Mississippi County; Arkansas,177,326,54.29447852760736
05093011400,Census Tract 114; Mississippi County; Arkansas,65,383,16.971279373368148
05095950100,Census Tract 9501; Monroe County; Arkansas,324,637,50.86342229199372
05095950200,Census Tract 9502; Monroe County; Arkansas,63,609,10.344827586206897
05095950300,Census Tract 9503; Monroe County; Arkansas,82,254,32.28346456692913
05097953000,Census Tract 9530; Montgomery County; Arkansas,107,481,22.245322245322246
05097953100,Census Tract 9531; Montgomery County; Arkansas,117,383,30.548302872062663
05097953200,Census Tract 9532; Montgomery County; Arkansas,164,679,24.153166421207658
05099090100,Census Tract 901; Nevada County; Arkansas,152,344,44.18604651162791
05099090200,Census Tract 902; Nevada County; Arkansas,532,1120,47.5
05099090300,Census Tract 903; Nevada County; Arkansas,203,370,54.86486486486486
05101180100,Census Tract 1801; Newton County; Arkansas,149,803,18.555417185554173
05101180200,Census Tract 1802; Newton County; Arkansas,97,558,17.38351254480287
05103950101,Census Tract 9501.01; Ouachita County; Arkansas,137,673,20.356612184249627
05103950102,Census Tract 9501.02; Ouachita County; Arkansas,158,741,21.322537112010796
05103950200,Census Tract 9502; Ouachita County; Arkansas,84,387,21.705426356589147
05103950301,Census Tract 9503.01; Ouachita County; Arkansas,190,322,59.006211180124225
05103950302,Census Tract 9503.02; Ouachita County; Arkansas,64,376,17.02127659574468
05103950400,Census Tract 9504; Ouachita County; Arkansas,365,1099,33.21201091901729
05103950500,Census Tract 9505; Ouachita County; Arkansas,54,574,9.40766550522648
05103950600,Census Tract 9506; Ouachita County; Arkansas,223,727,30.674002751031637
05105952700,Census Tract 9527; Perry County; Arkansas,202,1004,20.1195219123506
05105952800,Census Tract 9528; Perry County; Arkansas,146,818,17.848410757946212
05105952900,Census Tract 9529; Perry County; Arkansas,30,349,8.595988538681949
05107480100,Census Tract 4801; Phillips County; Arkansas,59,566,10.424028268551236
05107480201,Census Tract 4802.01; Phillips County; Arkansas,130,463,28.077753779697623
05107480202,Census Tract 4802.02; Phillips County; Arkansas,44,485,9.072164948453608
05107480300,Census Tract 4803; Phillips County; Arkansas,885,1791,49.413735343383586
05107480400,Census Tract 4804; Phillips County; Arkansas,132,250,52.8
05107480500,Census Tract 4805; Phillips County; Arkansas,369,447,82.5503355704698
05107480600,Census Tract 4806; Phillips County; Arkansas,80,249,32.1285140562249
05109953300,Census Tract 9533; Pike County; Arkansas,109,703,15.5049786628734
05109953400,Census Tract 9534; Pike County; Arkansas,174,595,29.243697478991596
05109953500,Census Tract 9535; Pike County; Arkansas,166,951,17.455310199789697
05111490100,Census Tract 4901; Poinsett County; Arkansas,175,752,23.27127659574468
05111490200,Census Tract 4902; Poinsett County; Arkansas,56,284,19.718309859154928
05111490300,Census Tract 4903; Poinsett County; Arkansas,280,745,37.58389261744966
05111490400,Census Tract 4904; Poinsett County; Arkansas,332,1137,29.199648197009676
05111490501,Census Tract 4905.01; Poinsett County; Arkansas,316,689,45.86357039187228
05111490502,Census Tract 4905.02; Poinsett County; Arkansas,63,903,6.976744186046512
05111490600,Census Tract 4906; Poinsett County; Arkansas,64,365,17.534246575342465
05111490700,Census Tract 4907; Poinsett County; Arkansas,238,427,55.73770491803279
05113950100,Census Tract 9501; Polk County; Arkansas,48,350,13.714285714285714
05113950201,Census Tract 9502.01; Polk County; Arkansas,15,511,2.935420743639922
05113950202,Census Tract 9502.02; Polk County; Arkansas,288,589,48.89643463497453
05113950300,Census Tract 9503; Polk County; Arkansas,148,897,16.49944258639911
05113950400,Census Tract 9504; Polk County; Arkansas,137,576,23.78472222222222
05113950500,Census Tract 9505; Polk County; Arkansas,201,478,42.05020920502092
05113950600,Census Tract 9506; Polk County; Arkansas,447,788,56.7258883248731
05115950700,Census Tract 9507; Pope County; Arkansas,184,923,19.934994582881906
05115950800,Census Tract 9508; Pope County; Arkansas,257,1098,23.406193078324225
05115950901,Census Tract 9509.01; Pope County; Arkansas,129,753,17.131474103585656
05115950902,Census Tract 9509.02; Pope County; Arkansas,395,1021,38.687561214495595
05115951000,Census Tract 9510; Pope County; Arkansas,138,844,16.350710900473935
05115951100,Census Tract 9511; Pope County; Arkansas,216,708,30.508474576271187
05115951201,Census Tract 9512.01; Pope County; Arkansas,262,1108,23.646209386281587
05115951202,Census Tract 9512.02; Pope County; Arkansas,416,1598,26.032540675844807
05115951301,Census Tract 9513.01; Pope County; Arkansas,65,205,31.70731707317073
05115951302,Census Tract 9513.02; Pope County; Arkansas,152,705,21.56028368794326
05115951303,Census Tract 9513.03; Pope County; Arkansas,13,510,2.549019607843137
05115951400,Census Tract 9514; Pope County; Arkansas,237,648,36.574074074074076
05115951501,Census Tract 9515.01; Pope County; Arkansas,0,796,0
05115951503,Census Tract 9515.03; Pope County; Arkansas,18,589,3.0560271646859083
05115951504,Census Tract 9515.04; Pope County; Arkansas,380,1312,28.963414634146343
05115951601,Census Tract 9516.01; Pope County; Arkansas,365,1493,24.447421299397188
05115951602,Census Tract 9516.02; Pope County; Arkansas,3,230,1.3043478260869565
05117460100,Census Tract 4601; Prairie County; Arkansas,7,492,1.4227642276422765
05117460200,Census Tract 4602; Prairie County; Arkansas,54,733,7.3669849931787175
05117460300,Census Tract 4603; Prairie County; Arkansas,24,307,7.817589576547231
05119000500,Census Tract 5; Pulaski County; Arkansas,77,241,31.95020746887967
05119001100,Census Tract 11; Pulaski County; Arkansas,334,474,70.46413502109705
05119001200,Census Tract 12; Pulaski County; Arkansas,12,169,7.100591715976331
05119001300,Census Tract 13; Pulaski County; Arkansas,260,433,60.046189376443415
05119001501,Census Tract 15.01; Pulaski County; Arkansas,0,328,0
05119001502,Census Tract 15.02; Pulaski County; Arkansas,49,610,8.032786885245901
05119001600,Census Tract 16; Pulaski County; Arkansas,1,1459,0.06854009595613433
05119001800,Census Tract 18; Pulaski County; Arkansas,444,1017,43.657817109144545
05119001900,Census Tract 19; Pulaski County; Arkansas,408,650,62.76923076923077
05119002001,Census Tract 20.01; Pulaski County; Arkansas,354,2340,15.128205128205128
05119002002,Census Tract 20.02; Pulaski County; Arkansas,826,1179,70.05937234944868
05119002102,Census Tract 21.02; Pulaski County; Arkansas,433,983,44.04883011190234
05119002103,Census Tract 21.03; Pulaski County; Arkansas,50,544,9.191176470588236
05119002104,Census Tract 21.04; Pulaski County; Arkansas,0,1163,0
05119002203,Census Tract 22.03; Pulaski County; Arkansas,228,872,26.146788990825687
05119002206,Census Tract 22.06; Pulaski County; Arkansas,133,504,26.38888888888889
05119002208,Census Tract 22.08; Pulaski County; Arkansas,219,473,46.300211416490484
05119002209,Census Tract 22.09; Pulaski County; Arkansas,81,563,14.38721136767318
05119002210,Census Tract 22.10; Pulaski County; Arkansas,0,501,0
05119002211,Census Tract 22.11; Pulaski County; Arkansas,679,1798,37.76418242491658
05119002403,Census Tract 24.03; Pulaski County; Arkansas,221,625,35.36
05119002405,Census Tract 24.05; Pulaski County; Arkansas,144,1388,10.37463976945245
05119002406,Census Tract 24.06; Pulaski County; Arkansas,185,431,42.92343387470998
05119002407,Census Tract 24.07; Pulaski County; Arkansas,24,285,8.421052631578947
05119002409,Census Tract 24.09; Pulaski County; Arkansas,394,1098,35.88342440801457
05119002410,Census Tract 24.10; Pulaski County; Arkansas,338,646,52.3219814241486
05119002500,Census Tract 25; Pulaski County; Arkansas,38,70,54.285714285714285
05119002600,Census Tract 26; Pulaski County; Arkansas,29,90,32.22222222222222
05119002700,Census Tract 27; Pulaski County; Arkansas,1024,1713,59.77816695855225
05119002800,Census Tract 28; Pulaski County; Arkansas,518,632,81.9620253164557
05119002900,Census Tract 29; Pulaski County; Arkansas,187,344,54.36046511627907
05119003001,Census Tract 30.01; Pulaski County; Arkansas,400,583,68.61063464837049
05119003002,Census Tract 30.02; Pulaski County; Arkansas,423,632,66.93037974683544
05119003100,Census Tract 31; Pulaski County; Arkansas,94,164,57.31707317073171
05119003202,Census Tract 32.02; Pulaski County; Arkansas,498,1983,25.113464447806354
05119003207,Census Tract 32.07; Pulaski County; Arkansas,116,757,15.323645970937912
05119003208,Census Tract 32.08; Pulaski County; Arkansas,240,1223,19.623875715453803
05119003303,Census Tract 33.03; Pulaski County; Arkansas,0,1044,0
05119003305,Census Tract 33.05; Pulaski County; Arkansas,97,912,10.635964912280702
05119003306,Census Tract 33.06; Pulaski County; Arkansas,186,634,29.337539432176655
05119003307,Census Tract 33.07; Pulaski County; Arkansas,79,378,20.8994708994709
05119003308,Census Tract 33.08; Pulaski County; Arkansas,55,665,8.270676691729323
05119003403,Census Tract 34.03; Pulaski County; Arkansas,0,393,0
05119003404,Census Tract 34.04; Pulaski County; Arkansas,220,1052,20.91254752851711
05119003405,Census Tract 34.05; Pulaski County; Arkansas,0,202,0
05119003406,Census Tract 34.06; Pulaski County; Arkansas,0,964,0
05119003604,Census Tract 36.04; Pulaski County; Arkansas,186,1202,15.474209650582363
05119003605,Census Tract 36.05; Pulaski County; Arkansas,143,1474,9.701492537313433
05119003606,Census Tract 36.06; Pulaski County; Arkansas,741,1414,52.40452616690241
05119003607,Census Tract 36.07; Pulaski County; Arkansas,162,770,21.038961038961038
05119003608,Census Tract 36.08; Pulaski County; Arkansas,220,1280,17.1875
05119003609,Census Tract 36.09; Pulaski County; Arkansas,342,1520,22.5
05119003703,Census Tract 37.03; Pulaski County; Arkansas,31,977,3.172978505629478
05119003704,Census Tract 37.04; Pulaski County; Arkansas,298,910,32.747252747252745
05119003707,Census Tract 37.07; Pulaski County; Arkansas,223,835,26.706586826347305
05119003711,Census Tract 37.11; Pulaski County; Arkansas,202,1211,16.680429397192402
05119003712,Census Tract 37.12; Pulaski County; Arkansas,121,958,12.630480167014614
05119003713,Census Tract 37.13; Pulaski County; Arkansas,66,706,9.34844192634561
05119003714,Census Tract 37.14; Pulaski County; Arkansas,49,1005,4.875621890547263
05119003800,Census Tract 38; Pulaski County; Arkansas,616,1575,39.111111111111114
05119003900,Census Tract 39; Pulaski County; Arkansas,237,845,28.047337278106507
05119004001,Census Tract 40.01; Pulaski County; Arkansas,100,916,10.91703056768559
05119004004,Census Tract 40.04; Pulaski County; Arkansas,727,1000,72.7
05119004005,Census Tract 40.05; Pulaski County; Arkansas,150,532,28.195488721804512
05119004006,Census Tract 40.06; Pulaski County; Arkansas,107,557,19.210053859964095
05119004007,Census Tract 40.07; Pulaski County; Arkansas,176,449,39.198218262806236
05119004103,Census Tract 41.03; Pulaski County; Arkansas,438,986,44.42190669371197
05119004104,Census Tract 41.04; Pulaski County; Arkansas,980,1329,73.73965387509405
05119004105,Census Tract 41.05; Pulaski County; Arkansas,601,2304,26.085069444444443
05119004106,Census Tract 41.06; Pulaski County; Arkansas,620,1257,49.32378679395386
05119004107,Census Tract 41.07; Pulaski County; Arkansas,542,2127,25.481899388810533
05119004108,Census Tract 41.08; Pulaski County; Arkansas,1090,2382,45.75986565910999
05119004201,Census Tract 42.01; Pulaski County; Arkansas,31,584,5.308219178082192
05119004202,Census Tract 42.02; Pulaski County; Arkansas,177,779,22.721437740693197
05119004205,Census Tract 42.05; Pulaski County; Arkansas,151,1378,10.957910014513788
05119004213,Census Tract 42.13; Pulaski County; Arkansas,15,1121,1.3380909901873328
05119004214,Census Tract 42.14; Pulaski County; Arkansas,63,867,7.26643598615917
05119004215,Census Tract 42.15; Pulaski County; Arkansas,0,979,0
05119004218,Census Tract 42.18; Pulaski County; Arkansas,11,620,1.7741935483870968
05119004219,Census Tract 42.19; Pulaski County; Arkansas,12,1544,0.7772020725388601
05119004220,Census Tract 42.20; Pulaski County; Arkansas,770,1771,43.47826086956522
05119004222,Census Tract 42.22; Pulaski County; Arkansas,53,355,14.929577464788732
05119004223,Census Tract 42.23; Pulaski County; Arkansas,15,870,1.7241379310344827
05119004224,Census Tract 42.24; Pulaski County; Arkansas,76,1509,5.036447978793904
05119004225,Census Tract 42.25; Pulaski County; Arkansas,75,654,11.46788990825688
05119004226,Census Tract 42.26; Pulaski County; Arkansas,0,677,0
05119004227,Census Tract 42.27; Pulaski County; Arkansas,34,193,17.616580310880828
05119004228,Census Tract 42.28; Pulaski County; Arkansas,53,523,10.133843212237094
05119004229,Census Tract 42.29; Pulaski County; Arkansas,13,1119,1.161751563896336
05119004302,Census Tract 43.02; Pulaski County; Arkansas,135,1169,11.548331907613345
05119004306,Census Tract 43.06; Pulaski County; Arkansas,413,1844,22.39696312364425
05119004307,Census Tract 43.07; Pulaski County; Arkansas,167,711,23.488045007032348
05119004308,Census Tract 43.08; Pulaski County; Arkansas,0,564,0
05119004309,Census Tract 43.09; Pulaski County; Arkansas,348,798,43.609022556390975
05119004310,Census Tract 43.10; Pulaski County; Arkansas,0,1031,0
05119004311,Census Tract 43.11; Pulaski County; Arkansas,11,1061,1.0367577756833177
05119004400,Census Tract 44; Pulaski County; Arkansas,0,113,0
05119004500,Census Tract 45; Pulaski County; Arkansas,88,303,29.042904290429043
05119004600,Census Tract 46; Pulaski County; Arkansas,6,142,4.225352112676056
05119004700,Census Tract 47; Pulaski County; Arkansas,261,753,34.66135458167331
05119004801,Census Tract 48.01; Pulaski County; Arkansas,151,370,40.810810810810814
05119004901,Census Tract 49.01; Pulaski County; Arkansas,18,404,4.455445544554456
05119004902,Census Tract 49.02; Pulaski County; Arkansas,80,815,9.815950920245399
05119980100,Census Tract 9801; Pulaski County; Arkansas,0,0,NA
05119980200,Census Tract 9802; Pulaski County; Arkansas,0,0,NA
05119980300,Census Tract 9803; Pulaski County; Arkansas,65,855,7.60233918128655
05119980400,Census Tract 9804; Pulaski County; Arkansas,107,116,92.24137931034483
05121960100,Census Tract 9601; Randolph County; Arkansas,361,994,36.31790744466801
05121960201,Census Tract 9602.01; Randolph County; Arkansas,155,462,33.54978354978355
05121960202,Census Tract 9602.02; Randolph County; Arkansas,199,841,23.66230677764566
05121960301,Census Tract 9603.01; Randolph County; Arkansas,312,1059,29.46175637393768
05121960302,Census Tract 9603.02; Randolph County; Arkansas,413,1095,37.71689497716895
05123960100,Census Tract 9601; St. Francis County; Arkansas,111,288,38.541666666666664
05123960201,Census Tract 9602.01; St. Francis County; Arkansas,100,456,21.92982456140351
05123960202,Census Tract 9602.02; St. Francis County; Arkansas,116,456,25.43859649122807
05123960300,Census Tract 9603; St. Francis County; Arkansas,98,607,16.14497528830313
05123960400,Census Tract 9604; St. Francis County; Arkansas,631,1415,44.59363957597173
05123960500,Census Tract 9605; St. Francis County; Arkansas,123,644,19.099378881987576
05123960600,Census Tract 9606; St. Francis County; Arkansas,667,814,81.94103194103194
05125010101,Census Tract 101.01; Saline County; Arkansas,105,633,16.587677725118482
05125010104,Census Tract 101.04; Saline County; Arkansas,17,1286,1.3219284603421462
05125010105,Census Tract 101.05; Saline County; Arkansas,0,1110,0
05125010106,Census Tract 101.06; Saline County; Arkansas,77,709,10.860366713681241
05125010107,Census Tract 101.07; Saline County; Arkansas,620,1826,33.9539978094195
05125010301,Census Tract 103.01; Saline County; Arkansas,0,1029,0
05125010302,Census Tract 103.02; Saline County; Arkansas,193,1086,17.771639042357275
05125010303,Census Tract 103.03; Saline County; Arkansas,82,1003,8.175473579262214
05125010405,Census Tract 104.05; Saline County; Arkansas,133,888,14.977477477477477
05125010406,Census Tract 104.06; Saline County; Arkansas,166,1464,11.33879781420765
05125010407,Census Tract 104.07; Saline County; Arkansas,191,1126,16.962699822380106
05125010408,Census Tract 104.08; Saline County; Arkansas,141,1642,8.587088915956151
05125010409,Census Tract 104.09; Saline County; Arkansas,93,832,11.177884615384615
05125010410,Census Tract 104.10; Saline County; Arkansas,117,697,16.78622668579627
05125010411,Census Tract 104.11; Saline County; Arkansas,33,1626,2.029520295202952
05125010507,Census Tract 105.07; Saline County; Arkansas,8,722,1.10803324099723
05125010508,Census Tract 105.08; Saline County; Arkansas,67,746,8.981233243967829
05125010509,Census Tract 105.09; Saline County; Arkansas,51,1645,3.1003039513677813
05125010511,Census Tract 105.11; Saline County; Arkansas,389,1730,22.485549132947977
05125010512,Census Tract 105.12; Saline County; Arkansas,0,557,0
05125010513,Census Tract 105.13; Saline County; Arkansas,15,827,1.8137847642079807
05125010514,Census Tract 105.14; Saline County; Arkansas,42,595,7.0588235294117645
05125010515,Census Tract 105.15; Saline County; Arkansas,0,68,0
05125010516,Census Tract 105.16; Saline County; Arkansas,0,41,0
05125010517,Census Tract 105.17; Saline County; Arkansas,98,214,45.794392523364486
05125010518,Census Tract 105.18; Saline County; Arkansas,96,1095,8.767123287671232
05125010519,Census Tract 105.19; Saline County; Arkansas,120,1520,7.894736842105263
05125010520,Census Tract 105.20; Saline County; Arkansas,180,666,27.027027027027028
05125010601,Census Tract 106.01; Saline County; Arkansas,312,844,36.96682464454976
05125010602,Census Tract 106.02; Saline County; Arkansas,151,744,20.295698924731184
05127950100,Census Tract 9501; Scott County; Arkansas,237,844,28.080568720379148
05127950200,Census Tract 9502; Scott County; Arkansas,221,916,24.12663755458515
05127950300,Census Tract 9503; Scott County; Arkansas,82,507,16.173570019723865
05129970100,Census Tract 9701; Searcy County; Arkansas,277,497,55.734406438631794
05129970200,Census Tract 9702; Searcy County; Arkansas,281,697,40.31563845050215
05129970300,Census Tract 9703; Searcy County; Arkansas,93,378,24.603174603174605
05131000100,Census Tract 1; Sebastian County; Arkansas,1104,2210,49.95475113122172
05131000200,Census Tract 2; Sebastian County; Arkansas,445,1478,30.108254397834912
05131000300,Census Tract 3; Sebastian County; Arkansas,143,624,22.916666666666668
05131000400,Census Tract 4; Sebastian County; Arkansas,372,671,55.439642324888226
05131000501,Census Tract 5.01; Sebastian County; Arkansas,958,2014,47.56703078450844
05131000502,Census Tract 5.02; Sebastian County; Arkansas,244,741,32.928475033738195
05131000600,Census Tract 6; Sebastian County; Arkansas,85,938,9.06183368869936
05131000700,Census Tract 7; Sebastian County; Arkansas,0,533,0
05131000800,Census Tract 8; Sebastian County; Arkansas,193,790,24.430379746835442
05131001001,Census Tract 10.01; Sebastian County; Arkansas,315,812,38.793103448275865
05131001002,Census Tract 10.02; Sebastian County; Arkansas,36,538,6.691449814126394
05131001101,Census Tract 11.01; Sebastian County; Arkansas,0,982,0
05131001102,Census Tract 11.02; Sebastian County; Arkansas,93,775,12
05131001201,Census Tract 12.01; Sebastian County; Arkansas,270,1322,20.423600605143722
05131001202,Census Tract 12.02; Sebastian County; Arkansas,236,519,45.472061657032754
05131001301,Census Tract 13.01; Sebastian County; Arkansas,0,597,0
05131001305,Census Tract 13.05; Sebastian County; Arkansas,54,989,5.460060667340748
05131001306,Census Tract 13.06; Sebastian County; Arkansas,53,1159,4.57290767903365
05131001307,Census Tract 13.07; Sebastian County; Arkansas,60,635,9.448818897637794
05131001308,Census Tract 13.08; Sebastian County; Arkansas,187,788,23.730964467005077
05131001309,Census Tract 13.09; Sebastian County; Arkansas,76,298,25.503355704697988
05131001310,Census Tract 13.10; Sebastian County; Arkansas,88,1168,7.534246575342466
05131001311,Census Tract 13.11; Sebastian County; Arkansas,25,839,2.9797377830750893
05131001312,Census Tract 13.12; Sebastian County; Arkansas,159,736,21.60326086956522
05131010101,Census Tract 101.01; Sebastian County; Arkansas,60,1439,4.169562195969423
05131010102,Census Tract 101.02; Sebastian County; Arkansas,36,1647,2.185792349726776
05131010201,Census Tract 102.01; Sebastian County; Arkansas,123,1061,11.592836946277098
05131010202,Census Tract 102.02; Sebastian County; Arkansas,273,963,28.34890965732087
05131010301,Census Tract 103.01; Sebastian County; Arkansas,200,1327,15.071590052750565
05131010303,Census Tract 103.03; Sebastian County; Arkansas,236,742,31.805929919137466
05131010304,Census Tract 103.04; Sebastian County; Arkansas,43,704,6.107954545454546
05133080100,Census Tract 801; Sevier County; Arkansas,206,849,24.26383981154299
05133080200,Census Tract 802; Sevier County; Arkansas,305,993,30.715005035246726
05133080300,Census Tract 803; Sevier County; Arkansas,433,1663,26.03728202044498
05133080400,Census Tract 804; Sevier County; Arkansas,210,862,24.361948955916475
05135470100,Census Tract 4701; Sharp County; Arkansas,61,288,21.180555555555557
05135470201,Census Tract 4702.01; Sharp County; Arkansas,233,662,35.196374622356494
05135470202,Census Tract 4702.02; Sharp County; Arkansas,113,520,21.73076923076923
05135470300,Census Tract 4703; Sharp County; Arkansas,26,501,5.189620758483034
05135470401,Census Tract 4704.01; Sharp County; Arkansas,193,778,24.80719794344473
05135470402,Census Tract 4704.02; Sharp County; Arkansas,109,748,14.572192513368984
05137950100,Census Tract 9501; Stone County; Arkansas,237,1129,20.992028343666963
05137950201,Census Tract 9502.01; Stone County; Arkansas,69,205,33.65853658536585
05137950203,Census Tract 9502.03; Stone County; Arkansas,303,695,43.597122302158276
05137950204,Census Tract 9502.04; Stone County; Arkansas,120,458,26.200873362445414
05139950100,Census Tract 9501; Union County; Arkansas,114,608,18.75
05139950200,Census Tract 9502; Union County; Arkansas,142,707,20.084865629420086
05139950300,Census Tract 9503; Union County; Arkansas,123,562,21.88612099644128
05139950401,Census Tract 9504.01; Union County; Arkansas,46,365,12.602739726027398
05139950402,Census Tract 9504.02; Union County; Arkansas,43,962,4.46985446985447
05139950501,Census Tract 9505.01; Union County; Arkansas,237,893,26.539753639417693
05139950502,Census Tract 9505.02; Union County; Arkansas,116,625,18.56
05139950600,Census Tract 9506; Union County; Arkansas,146,743,19.65006729475101
05139950700,Census Tract 9507; Union County; Arkansas,59,1331,4.432757325319309
05139950800,Census Tract 9508; Union County; Arkansas,389,718,54.17827298050139
05139950900,Census Tract 9509; Union County; Arkansas,308,628,49.044585987261144
05139951000,Census Tract 9510; Union County; Arkansas,419,912,45.94298245614035
05141460100,Census Tract 4601; Van Buren County; Arkansas,99,1121,8.831400535236396
05141460200,Census Tract 4602; Van Buren County; Arkansas,185,762,24.278215223097114
05141460301,Census Tract 4603.01; Van Buren County; Arkansas,61,157,38.853503184713375
05141460303,Census Tract 4603.03; Van Buren County; Arkansas,27,142,19.014084507042252
05141460304,Census Tract 4603.04; Van Buren County; Arkansas,135,298,45.30201342281879
05141460400,Census Tract 4604; Van Buren County; Arkansas,92,525,17.523809523809526
05143010101,Census Tract 101.01; Washington County; Arkansas,14,999,1.4014014014014013
05143010107,Census Tract 101.07; Washington County; Arkansas,142,1554,9.137709137709138
05143010108,Census Tract 101.08; Washington County; Arkansas,21,1687,1.2448132780082988
05143010109,Census Tract 101.09; Washington County; Arkansas,26,682,3.812316715542522
05143010110,Census Tract 101.10; Washington County; Arkansas,292,1102,26.497277676950997
05143010111,Census Tract 101.11; Washington County; Arkansas,9,236,3.8135593220338984
05143010112,Census Tract 101.12; Washington County; Arkansas,0,641,0
05143010113,Census Tract 101.13; Washington County; Arkansas,84,2467,3.4049452776651803
05143010114,Census Tract 101.14; Washington County; Arkansas,255,556,45.86330935251799
05143010115,Census Tract 101.15; Washington County; Arkansas,77,796,9.673366834170855
05143010201,Census Tract 102.01; Washington County; Arkansas,184,1152,15.972222222222221
05143010202,Census Tract 102.02; Washington County; Arkansas,421,1421,29.627023223082336
05143010303,Census Tract 103.03; Washington County; Arkansas,159,1799,8.838243468593664
05143010304,Census Tract 103.04; Washington County; Arkansas,136,1985,6.851385390428211
05143010305,Census Tract 103.05; Washington County; Arkansas,200,1387,14.419610670511895
05143010306,Census Tract 103.06; Washington County; Arkansas,668,1579,42.30525649145029
05143010307,Census Tract 103.07; Washington County; Arkansas,185,1212,15.264026402640264
05143010401,Census Tract 104.01; Washington County; Arkansas,162,2015,8.03970223325062
05143010402,Census Tract 104.02; Washington County; Arkansas,269,1653,16.273442226255295
05143010404,Census Tract 104.04; Washington County; Arkansas,950,1229,77.29861676159479
05143010405,Census Tract 104.05; Washington County; Arkansas,253,1239,20.419693301049232
05143010501,Census Tract 105.01; Washington County; Arkansas,105,1856,5.657327586206897
05143010508,Census Tract 105.08; Washington County; Arkansas,121,1729,6.9982648930017355
05143010510,Census Tract 105.10; Washington County; Arkansas,41,1160,3.5344827586206895
05143010511,Census Tract 105.11; Washington County; Arkansas,54,1261,4.282315622521808
05143010512,Census Tract 105.12; Washington County; Arkansas,142,1473,9.640190088255261
05143010513,Census Tract 105.13; Washington County; Arkansas,143,854,16.74473067915691
05143010514,Census Tract 105.14; Washington County; Arkansas,308,1149,26.8059181897302
05143010515,Census Tract 105.15; Washington County; Arkansas,0,1412,0
05143010516,Census Tract 105.16; Washington County; Arkansas,117,504,23.214285714285715
05143010517,Census Tract 105.17; Washington County; Arkansas,0,1328,0
05143010518,Census Tract 105.18; Washington County; Arkansas,78,985,7.918781725888325
05143010519,Census Tract 105.19; Washington County; Arkansas,193,1612,11.972704714640198
05143010520,Census Tract 105.20; Washington County; Arkansas,0,733,0
05143010521,Census Tract 105.21; Washington County; Arkansas,35,594,5.892255892255892
05143010601,Census Tract 106.01; Washington County; Arkansas,258,475,54.31578947368421
05143010602,Census Tract 106.02; Washington County; Arkansas,207,453,45.6953642384106
05143010703,Census Tract 107.03; Washington County; Arkansas,518,820,63.170731707317074
05143010704,Census Tract 107.04; Washington County; Arkansas,134,415,32.28915662650602
05143010705,Census Tract 107.05; Washington County; Arkansas,320,827,38.694074969770256
05143010706,Census Tract 107.06; Washington County; Arkansas,0,244,0
05143011002,Census Tract 110.02; Washington County; Arkansas,304,1446,21.023513139695712
05143011003,Census Tract 110.03; Washington County; Arkansas,50,965,5.181347150259067
05143011004,Census Tract 110.04; Washington County; Arkansas,182,1046,17.399617590822178
05143011005,Census Tract 110.05; Washington County; Arkansas,52,1022,5.088062622309198
05143011006,Census Tract 110.06; Washington County; Arkansas,15,1699,0.8828722778104767
05143011103,Census Tract 111.03; Washington County; Arkansas,82,758,10.817941952506596
05143011104,Census Tract 111.04; Washington County; Arkansas,370,790,46.835443037974684
05143011105,Census Tract 111.05; Washington County; Arkansas,133,713,18.653576437587656
05143011106,Census Tract 111.06; Washington County; Arkansas,77,995,7.738693467336684
05143011107,Census Tract 111.07; Washington County; Arkansas,372,1568,23.724489795918366
05143011200,Census Tract 112; Washington County; Arkansas,8,580,1.3793103448275863
05143011301,Census Tract 113.01; Washington County; Arkansas,30,45,66.66666666666667
05143011302,Census Tract 113.02; Washington County; Arkansas,35,111,31.53153153153153
05145070100,Census Tract 701; White County; Arkansas,293,698,41.977077363896846
05145070200,Census Tract 702; White County; Arkansas,293,1772,16.534988713318285
05145070300,Census Tract 703; White County; Arkansas,246,1424,17.275280898876403
05145070401,Census Tract 704.01; White County; Arkansas,331,1237,26.758286176232822
05145070402,Census Tract 704.02; White County; Arkansas,383,1281,29.898516783762684
05145070501,Census Tract 705.01; White County; Arkansas,73,589,12.393887945670627
05145070502,Census Tract 705.02; White County; Arkansas,161,630,25.555555555555557
05145070600,Census Tract 706; White County; Arkansas,218,897,24.30323299888517
05145070700,Census Tract 707; White County; Arkansas,271,603,44.94195688225539
05145070801,Census Tract 708.01; White County; Arkansas,63,99,63.63636363636363
05145070802,Census Tract 708.02; White County; Arkansas,274,769,35.63068920676203
05145070901,Census Tract 709.01; White County; Arkansas,116,1320,8.787878787878787
05145070902,Census Tract 709.02; White County; Arkansas,9,1132,0.7950530035335689
05145071001,Census Tract 710.01; White County; Arkansas,52,580,8.96551724137931
05145071002,Census Tract 710.02; White County; Arkansas,97,670,14.477611940298507
05145071101,Census Tract 711.01; White County; Arkansas,347,848,40.91981132075472
05145071102,Census Tract 711.02; White County; Arkansas,119,694,17.146974063400577
05145071201,Census Tract 712.01; White County; Arkansas,27,1090,2.477064220183486
05145071202,Census Tract 712.02; White County; Arkansas,153,1533,9.980430528375734
05147490100,Census Tract 4901; Woodruff County; Arkansas,187,825,22.666666666666668
05147490200,Census Tract 4902; Woodruff County; Arkansas,187,444,42.11711711711712
05149952301,Census Tract 9523.01; Yell County; Arkansas,35,621,5.636070853462158
05149952302,Census Tract 9523.02; Yell County; Arkansas,11,792,1.3888888888888888
05149952401,Census Tract 9524.01; Yell County; Arkansas,71,598,11.872909698996656
05149952402,Census Tract 9524.02; Yell County; Arkansas,154,1305,11.800766283524904
05149952500,Census Tract 9525; Yell County; Arkansas,457,899,50.834260289210235
05149952600,Census Tract 9526; Yell County; Arkansas,17,475,3.5789473684210527
